instance,number_of_cities,number_of_runs,initial_temperature,minimum_temperature,cooling_rate,max_iterations,run,operator,route_seed,sa_seed,initial_cost,best_cost,improvement_percentage,execution_time,best_route
tsp_sample.csv,25,30,1000.0,0.001,0.995,10000,1,create_swap_neighbor,ROUTE-01,SA-01,12625.148729249478,5732.647215270215,54.59342825808435,0.016588800004683435,"[0, 23, 1, 8, 12, 3, 19, 17, 18, 11, 7, 21, 22, 14, 4, 16, 10, 13, 20, 2, 15, 5, 6, 9, 24]"
tsp_sample.csv,25,30,1000.0,0.001,0.995,10000,2,create_swap_neighbor,ROUTE-02,SA-02,14396.908468691281,6685.844658776545,53.56055313322203,0.018861099990317598,"[0, 24, 13, 9, 20, 2, 21, 16, 17, 1, 18, 11, 22, 14, 4, 15, 5, 6, 10, 12, 8, 3, 19, 7, 23]"
tsp_sample.csv,25,30,1000.0,0.001,0.995,10000,3,create_swap_neighbor,ROUTE-03,SA-03,13941.062500324128,5735.377097705849,58.85982795376964,0.016083900001831353,"[0, 10, 16, 12, 8, 14, 4, 22, 21, 7, 19, 3, 1, 17, 11, 18, 23, 24, 9, 6, 5, 15, 2, 20, 13]"
tsp_sample.csv,25,30,1000.0,0.001,0.995,10000,4,create_swap_neighbor,ROUTE-04,SA-04,17123.456300488113,6589.882955061606,61.51546253618343,0.017741899995598942,"[0, 17, 1, 19, 3, 8, 12, 2, 15, 5, 23, 18, 11, 7, 16, 21, 14, 22, 4, 20, 10, 13, 9, 6, 24]"
tsp_sample.csv,25,30,1000.0,0.001,0.995,10000,5,create_swap_neighbor,ROUTE-05,SA-05,14304.222063416333,6263.651268612644,56.21117149298036,0.016738699996494688,"[0, 16, 21, 20, 15, 2, 22, 19, 7, 11, 18, 17, 1, 3, 12, 8, 14, 4, 5, 6, 9, 13, 10, 24, 23]"
tsp_sample.csv,25,30,1000.0,0.001,0.995,10000,6,create_swap_neighbor,ROUTE-06,SA-06,13370.923812618563,5300.237542138636,60.35997499935918,0.017402500001480803,"[0, 7, 23, 18, 11, 17, 1, 8, 12, 3, 19, 13, 9, 6, 5, 15, 20, 2, 4, 14, 22, 21, 16, 10, 24]"
tsp_sample.csv,25,30,1000.0,0.001,0.995,10000,7,create_swap_neighbor,ROUTE-07,SA-07,11678.256544545548,6088.951109229534,47.8607865309018,0.017754600004991516,"[0, 23, 11, 18, 1, 17, 19, 7, 16, 20, 21, 22, 14, 4, 2, 15, 5, 6, 9, 13, 12, 8, 3, 10, 24]"
tsp_sample.csv,25,30,1000.0,0.001,0.995,10000,8,create_swap_neighbor,ROUTE-08,SA-08,16001.49995317268,5958.69996886641,62.761616184081824,0.017749999999068677,"[0, 23, 11, 18, 17, 1, 8, 12, 21, 20, 5, 15, 2, 4, 14, 22, 6, 9, 13, 16, 3, 19, 7, 10, 24]"
tsp_sample.csv,25,30,1000.0,0.001,0.995,10000,9,create_swap_neighbor,ROUTE-09,SA-09,13508.691827789806,5781.104511603953,57.20455699706479,0.016774999996414408,"[0, 24, 13, 6, 9, 10, 7, 23, 18, 11, 17, 1, 3, 19, 16, 21, 12, 8, 22, 14, 4, 2, 15, 5, 20]"
tsp_sample.csv,25,30,1000.0,0.001,0.995,10000,10,create_swap_neighbor,ROUTE-10,SA-10,12710.0957911338,6202.974476867573,51.19647736097638,0.016884199998457916,"[0, 24, 23, 18, 11, 7, 19, 16, 10, 9, 6, 2, 4, 14, 22, 21, 12, 8, 1, 17, 3, 20, 15, 5, 13]"
tsp_sample.csv,25,30,1000.0,0.001,0.995,10000,11,create_swap_neighbor,ROUTE-11,SA-11,13158.226307881225,5424.10390837018,58.77784906981445,0.016878800000995398,"[0, 10, 21, 22, 14, 4, 2, 9, 6, 5, 15, 20, 16, 7, 19, 3, 12, 8, 1, 17, 11, 18, 23, 24, 13]"
tsp_sample.csv,25,30,1000.0,0.001,0.995,10000,12,create_swap_neighbor,ROUTE-12,SA-12,15132.562121689585,5649.169207458884,62.668785615874675,0.01796529999410268,"[0, 20, 2, 4, 14, 22, 12, 8, 1, 17, 11, 18, 23, 7, 19, 3, 21, 16, 10, 13, 9, 15, 5, 6, 24]"
tsp_sample.csv,25,30,1000.0,0.001,0.995,10000,13,create_swap_neighbor,ROUTE-13,SA-13,14057.996214985871,7219.184685145767,48.64712883156071,0.020977700012736022,"[0, 22, 4, 14, 8, 12, 16, 10, 13, 9, 6, 5, 7, 17, 1, 3, 19, 21, 2, 15, 20, 11, 18, 23, 24]"
tsp_sample.csv,25,30,1000.0,0.001,0.995,10000,14,create_swap_neighbor,ROUTE-14,SA-14,15141.72096612274,5989.755108882459,60.442045377248654,0.016885500008356757,"[0, 24, 6, 5, 15, 2, 14, 8, 12, 3, 19, 1, 17, 7, 16, 10, 13, 9, 20, 4, 22, 21, 11, 18, 23]"
tsp_sample.csv,25,30,1000.0,0.001,0.995,10000,15,create_swap_neighbor,ROUTE-15,SA-15,15170.330946441485,5188.956245014745,65.79536555046663,0.02098669999395497,"[0, 24, 10, 13, 5, 15, 2, 4, 14, 22, 21, 20, 6, 9, 16, 7, 19, 3, 12, 8, 1, 17, 11, 18, 23]"
tsp_sample.csv,25,30,1000.0,0.001,0.995,10000,16,create_swap_neighbor,ROUTE-16,SA-16,13599.889610562397,5240.822116948575,61.46423046788355,0.02194479999889154,"[0, 24, 13, 5, 15, 2, 4, 14, 22, 21, 12, 8, 3, 19, 17, 1, 18, 11, 23, 7, 16, 20, 6, 9, 10]"
tsp_sample.csv,25,30,1000.0,0.001,0.995,10000,17,create_swap_neighbor,ROUTE-17,SA-17,12282.191259298223,6770.2719825991135,44.877328160203625,0.021434800000861287,"[0, 12, 3, 19, 11, 18, 23, 10, 20, 4, 2, 15, 5, 6, 9, 13, 16, 21, 22, 14, 8, 1, 17, 7, 24]"
tsp_sample.csv,25,30,1000.0,0.001,0.995,10000,18,create_swap_neighbor,ROUTE-18,SA-18,14451.401071653247,5338.17071038521,63.06122372552407,0.032039900004747324,"[0, 23, 11, 18, 1, 17, 7, 19, 3, 8, 12, 16, 13, 9, 6, 5, 15, 20, 2, 4, 14, 22, 21, 10, 24]"
tsp_sample.csv,25,30,1000.0,0.001,0.995,10000,19,create_swap_neighbor,ROUTE-19,SA-19,14629.127937105004,5317.221982861572,63.653185577965424,0.031086300004972145,"[0, 13, 9, 6, 24, 23, 18, 11, 17, 1, 8, 12, 3, 19, 7, 16, 20, 5, 15, 2, 4, 14, 22, 21, 10]"
tsp_sample.csv,25,30,1000.0,0.001,0.995,10000,20,create_swap_neighbor,ROUTE-20,SA-20,14223.023728098568,6416.858311464468,54.8840075490592,0.029414899996481836,"[0, 24, 6, 5, 9, 13, 23, 18, 11, 17, 7, 16, 20, 15, 2, 19, 3, 1, 8, 12, 14, 4, 22, 21, 10]"
tsp_sample.csv,25,30,1000.0,0.001,0.995,10000,21,create_swap_neighbor,ROUTE-21,SA-21,14655.898869148887,6469.488539632739,55.85744281266016,0.04159930000605527,"[0, 24, 10, 16, 12, 8, 14, 4, 2, 15, 5, 6, 9, 7, 19, 3, 1, 17, 11, 18, 23, 13, 20, 22, 21]"
tsp_sample.csv,25,30,1000.0,0.001,0.995,10000,22,create_swap_neighbor,ROUTE-22,SA-22,12335.140926516411,5925.294121056387,51.9641149107669,0.02127739999559708,"[0, 7, 19, 17, 1, 18, 11, 23, 16, 10, 9, 6, 5, 15, 2, 4, 14, 8, 12, 3, 21, 22, 20, 13, 24]"
tsp_sample.csv,25,30,1000.0,0.001,0.995,10000,23,create_swap_neighbor,ROUTE-23,SA-23,10876.948191513424,5758.365983315366,47.05899226578789,0.024490700001479127,"[0, 13, 9, 6, 5, 15, 20, 19, 3, 17, 1, 8, 12, 14, 4, 2, 22, 21, 16, 7, 11, 18, 23, 10, 24]"
tsp_sample.csv,25,30,1000.0,0.001,0.995,10000,24,create_swap_neighbor,ROUTE-24,SA-24,14087.34012433054,5681.262007718332,59.671151845719216,0.023365500004729256,"[0, 20, 16, 8, 12, 7, 23, 18, 11, 17, 1, 3, 19, 21, 22, 14, 4, 2, 15, 5, 6, 9, 13, 10, 24]"
tsp_sample.csv,25,30,1000.0,0.001,0.995,10000,25,create_swap_neighbor,ROUTE-25,SA-25,12270.715151447632,5650.41622910386,53.952021871869015,0.04842500000086147,"[0, 22, 4, 14, 12, 8, 1, 17, 11, 18, 23, 7, 19, 3, 21, 16, 10, 9, 6, 5, 15, 2, 20, 13, 24]"
tsp_sample.csv,25,30,1000.0,0.001,0.995,10000,26,create_swap_neighbor,ROUTE-26,SA-26,16118.806609842457,5701.126710464221,64.6305905365041,0.03363609999360051,"[0, 24, 9, 6, 5, 15, 2, 20, 21, 12, 8, 14, 4, 22, 16, 13, 10, 7, 19, 3, 1, 17, 11, 18, 23]"
tsp_sample.csv,25,30,1000.0,0.001,0.995,10000,27,create_swap_neighbor,ROUTE-27,SA-27,13574.998642429402,5609.928280949492,58.67455733354291,0.07190769999579061,"[0, 24, 13, 9, 10, 7, 19, 16, 21, 22, 20, 6, 5, 15, 2, 4, 14, 8, 12, 3, 1, 17, 11, 18, 23]"
tsp_sample.csv,25,30,1000.0,0.001,0.995,10000,28,create_swap_neighbor,ROUTE-28,SA-28,13749.15373950684,6069.911627097938,55.852471053133655,0.037845799990464,"[0, 7, 19, 3, 8, 12, 16, 10, 21, 22, 14, 4, 2, 20, 15, 5, 6, 9, 13, 24, 11, 17, 1, 18, 23]"
tsp_sample.csv,25,30,1000.0,0.001,0.995,10000,29,create_swap_neighbor,ROUTE-29,SA-29,13347.93067209286,6156.435554037758,53.87722857364472,0.03771410000626929,"[0, 24, 10, 13, 9, 6, 5, 15, 2, 20, 23, 18, 11, 7, 16, 19, 3, 12, 8, 14, 4, 22, 21, 1, 17]"
tsp_sample.csv,25,30,1000.0,0.001,0.995,10000,30,create_swap_neighbor,ROUTE-30,SA-30,14449.7143242634,5535.967358462373,61.688049782641095,0.018289999992703088,"[0, 24, 13, 6, 9, 10, 7, 19, 16, 21, 22, 20, 5, 15, 2, 4, 14, 8, 12, 3, 1, 17, 11, 18, 23]"
tsp_sample.csv,25,30,1000.0,0.001,0.995,10000,1,create_insertion_neighbor,ROUTE-01,SA-01,12625.148729249478,5919.50752736275,53.113364014091545,0.027548499987460673,"[0, 7, 17, 1, 19, 3, 8, 12, 22, 14, 4, 2, 15, 5, 6, 9, 20, 21, 16, 10, 13, 24, 23, 18, 11]"
tsp_sample.csv,25,30,1000.0,0.001,0.995,10000,2,create_insertion_neighbor,ROUTE-02,SA-02,14396.908468691281,5892.337357999095,59.072203794216904,0.017914600000949576,"[0, 19, 3, 12, 8, 1, 17, 20, 5, 15, 2, 4, 14, 22, 21, 16, 7, 11, 18, 23, 10, 9, 6, 13, 24]"
tsp_sample.csv,25,30,1000.0,0.001,0.995,10000,3,create_insertion_neighbor,ROUTE-03,SA-03,13941.062500324128,6080.42528302713,56.384778542627146,0.016598000001977198,"[0, 10, 7, 8, 12, 21, 20, 2, 15, 5, 6, 9, 13, 24, 23, 18, 11, 17, 1, 3, 19, 14, 4, 22, 16]"
tsp_sample.csv,25,30,1000.0,0.001,0.995,10000,4,create_insertion_neighbor,ROUTE-04,SA-04,17123.456300488113,5413.76175820459,68.38394268538958,0.022133399994345382,"[0, 23, 18, 11, 19, 3, 12, 8, 1, 17, 7, 16, 20, 15, 5, 6, 9, 2, 4, 14, 22, 21, 10, 13, 24]"
tsp_sample.csv,25,30,1000.0,0.001,0.995,10000,5,create_insertion_neighbor,ROUTE-05,SA-05,14304.222063416333,5142.918189107672,64.04615248346217,0.0423090999975102,"[0, 24, 13, 9, 6, 5, 15, 20, 2, 4, 14, 22, 21, 12, 8, 3, 19, 7, 23, 11, 18, 1, 17, 16, 10]"
tsp_sample.csv,25,30,1000.0,0.001,0.995,10000,6,create_insertion_neighbor,ROUTE-06,SA-06,13370.923812618563,5922.598354170841,55.70539151093287,0.0324016000085976,"[0, 24, 9, 6, 5, 15, 20, 22, 21, 12, 8, 14, 4, 2, 13, 10, 23, 18, 11, 17, 1, 3, 19, 7, 16]"
tsp_sample.csv,25,30,1000.0,0.001,0.995,10000,7,create_insertion_neighbor,ROUTE-07,SA-07,11678.256544545548,5444.177975809578,53.38192858631506,0.019639200007077307,"[0, 10, 16, 21, 22, 23, 11, 18, 1, 17, 7, 19, 3, 12, 8, 14, 4, 2, 20, 15, 5, 6, 9, 13, 24]"
tsp_sample.csv,25,30,1000.0,0.001,0.995,10000,8,create_insertion_neighbor,ROUTE-08,SA-08,16001.49995317268,5594.930953847601,65.03495940867549,0.017618800004129298,"[0, 23, 18, 11, 7, 21, 22, 14, 4, 2, 15, 5, 6, 9, 20, 16, 19, 3, 12, 8, 1, 17, 10, 13, 24]"
tsp_sample.csv,25,30,1000.0,0.001,0.995,10000,9,create_insertion_neighbor,ROUTE-09,SA-09,13508.691827789806,5221.399404164546,61.34785313983409,0.016591799998423085,"[0, 24, 6, 9, 13, 10, 16, 21, 22, 20, 5, 15, 2, 4, 14, 8, 12, 3, 19, 7, 17, 1, 18, 11, 23]"
tsp_sample.csv,25,30,1000.0,0.001,0.995,10000,10,create_insertion_neighbor,ROUTE-10,SA-10,12710.0957911338,5449.357827320574,57.125753284079174,0.01820390000648331,"[0, 24, 13, 2, 4, 14, 22, 21, 16, 7, 23, 18, 11, 17, 1, 8, 12, 19, 3, 20, 15, 5, 6, 9, 10]"
tsp_sample.csv,25,30,1000.0,0.001,0.995,10000,11,create_insertion_neighbor,ROUTE-11,SA-11,13158.226307881225,4799.222373253414,63.52682906526025,0.019364599997061305,"[0, 24, 13, 9, 6, 5, 15, 20, 2, 4, 14, 22, 21, 19, 3, 12, 8, 1, 17, 11, 18, 23, 7, 16, 10]"
tsp_sample.csv,25,30,1000.0,0.001,0.995,10000,12,create_insertion_neighbor,ROUTE-12,SA-12,15132.562121689585,5278.665863806049,65.11717036839315,0.016738999998779036,"[0, 24, 13, 9, 6, 5, 15, 20, 2, 4, 14, 22, 21, 17, 1, 18, 11, 23, 7, 19, 3, 8, 12, 16, 10]"
tsp_sample.csv,25,30,1000.0,0.001,0.995,10000,13,create_insertion_neighbor,ROUTE-13,SA-13,14057.996214985871,4904.651230289564,65.11130636767999,0.019155900008627214,"[0, 24, 13, 9, 6, 5, 15, 20, 2, 4, 14, 22, 21, 12, 8, 3, 19, 17, 1, 18, 11, 23, 7, 16, 10]"
tsp_sample.csv,25,30,1000.0,0.001,0.995,10000,14,create_insertion_neighbor,ROUTE-14,SA-14,15141.72096612274,4953.007517763509,67.28900546480088,0.018410799995763227,"[0, 24, 13, 9, 6, 5, 15, 20, 2, 4, 14, 22, 21, 16, 23, 18, 11, 17, 1, 8, 12, 3, 19, 7, 10]"
tsp_sample.csv,25,30,1000.0,0.001,0.995,10000,15,create_insertion_neighbor,ROUTE-15,SA-15,15170.330946441485,4994.780926657353,67.07533313352678,0.016922700000577606,"[0, 23, 18, 11, 17, 1, 8, 12, 3, 19, 7, 16, 4, 14, 22, 21, 2, 20, 15, 5, 6, 9, 13, 24, 10]"
tsp_sample.csv,25,30,1000.0,0.001,0.995,10000,16,create_insertion_neighbor,ROUTE-16,SA-16,13599.889610562397,5559.602133063423,59.120240735295816,0.018183899999712594,"[0, 19, 3, 12, 8, 14, 4, 22, 21, 16, 7, 17, 1, 18, 11, 23, 10, 9, 6, 5, 15, 2, 20, 13, 24]"
tsp_sample.csv,25,30,1000.0,0.001,0.995,10000,17,create_insertion_neighbor,ROUTE-17,SA-17,12282.191259298223,5051.206570062967,58.8737346339648,0.020667899996624328,"[0, 23, 18, 11, 17, 1, 8, 12, 3, 19, 7, 16, 20, 9, 6, 5, 15, 2, 4, 14, 22, 21, 10, 13, 24]"
tsp_sample.csv,25,30,1000.0,0.001,0.995,10000,18,create_insertion_neighbor,ROUTE-18,SA-18,14451.401071653247,4911.358979722879,66.01465176025998,0.018920400005299598,"[0, 24, 13, 9, 6, 5, 15, 20, 2, 4, 14, 22, 21, 7, 23, 18, 11, 17, 1, 8, 12, 3, 19, 16, 10]"
tsp_sample.csv,25,30,1000.0,0.001,0.995,10000,19,create_insertion_neighbor,ROUTE-19,SA-19,14629.127937105004,4982.209207005312,65.94322485642809,0.017300300009083003,"[0, 16, 21, 22, 14, 4, 2, 20, 15, 5, 6, 9, 13, 24, 10, 7, 19, 3, 12, 8, 1, 17, 11, 18, 23]"
tsp_sample.csv,25,30,1000.0,0.001,0.995,10000,20,create_insertion_neighbor,ROUTE-20,SA-20,14223.023728098568,5688.780498615978,60.00301618440389,0.017245199996978045,"[0, 10, 20, 16, 7, 11, 18, 23, 24, 13, 9, 6, 5, 15, 2, 4, 14, 22, 21, 12, 8, 1, 17, 3, 19]"
tsp_sample.csv,25,30,1000.0,0.001,0.995,10000,21,create_insertion_neighbor,ROUTE-21,SA-21,14655.898869148887,5570.263308144186,61.99302848718641,0.01698489999398589,"[0, 24, 6, 9, 13, 10, 16, 19, 3, 12, 8, 14, 4, 20, 5, 15, 2, 22, 21, 7, 17, 1, 18, 11, 23]"
tsp_sample.csv,25,30,1000.0,0.001,0.995,10000,22,create_insertion_neighbor,ROUTE-22,SA-22,12335.140926516411,5385.234837421824,56.34233228867798,0.01658349999343045,"[0, 10, 16, 19, 3, 17, 1, 8, 12, 21, 22, 14, 4, 2, 20, 15, 5, 6, 9, 13, 24, 23, 18, 11, 7]"
tsp_sample.csv,25,30,1000.0,0.001,0.995,10000,23,create_insertion_neighbor,ROUTE-23,SA-23,10876.948191513424,5348.711458437094,50.8252557219097,0.021426299994345754,"[0, 24, 13, 20, 2, 15, 5, 6, 9, 10, 16, 7, 19, 3, 21, 4, 14, 22, 12, 8, 1, 17, 11, 18, 23]"
tsp_sample.csv,25,30,1000.0,0.001,0.995,10000,24,create_insertion_neighbor,ROUTE-24,SA-24,14087.34012433054,5002.1667077061575,64.49175881636583,0.03670339999371208,"[0, 7, 19, 3, 12, 8, 1, 17, 11, 18, 23, 24, 13, 9, 6, 5, 15, 20, 2, 4, 14, 22, 21, 16, 10]"
tsp_sample.csv,25,30,1000.0,0.001,0.995,10000,25,create_insertion_neighbor,ROUTE-25,SA-25,12270.715151447632,5739.2335090991855,53.22820684642735,0.025781000003917143,"[0, 24, 13, 20, 2, 15, 5, 6, 9, 10, 7, 17, 1, 18, 11, 23, 16, 21, 22, 4, 14, 8, 12, 3, 19]"
tsp_sample.csv,25,30,1000.0,0.001,0.995,10000,26,create_insertion_neighbor,ROUTE-26,SA-26,16118.806609842457,5583.086530087035,65.36290393435273,0.018761100000119768,"[0, 23, 18, 11, 7, 16, 10, 9, 6, 5, 15, 2, 4, 14, 8, 12, 3, 1, 17, 19, 21, 22, 20, 13, 24]"
tsp_sample.csv,25,30,1000.0,0.001,0.995,10000,27,create_insertion_neighbor,ROUTE-27,SA-27,13574.998642429402,5764.756332392797,57.5340190873041,0.01670199999352917,"[0, 10, 20, 2, 15, 5, 6, 9, 13, 24, 11, 18, 23, 16, 21, 22, 4, 14, 12, 8, 1, 17, 3, 19, 7]"
tsp_sample.csv,25,30,1000.0,0.001,0.995,10000,28,create_insertion_neighbor,ROUTE-28,SA-28,13749.15373950684,5566.023883099991,59.51733474979941,0.018018699993263,"[0, 10, 16, 22, 4, 14, 3, 19, 11, 18, 23, 7, 17, 1, 8, 12, 21, 20, 2, 15, 5, 6, 9, 13, 24]"
tsp_sample.csv,25,30,1000.0,0.001,0.995,10000,29,create_insertion_neighbor,ROUTE-29,SA-29,13347.93067209286,5413.129414690884,59.44592800434329,0.01687099999981001,"[0, 10, 16, 19, 3, 12, 8, 14, 4, 22, 21, 20, 2, 15, 5, 6, 9, 13, 24, 23, 11, 18, 1, 17, 7]"
tsp_sample.csv,25,30,1000.0,0.001,0.995,10000,30,create_insertion_neighbor,ROUTE-30,SA-30,14449.7143242634,5142.918189107672,64.40816701495694,0.017062600003555417,"[0, 10, 16, 17, 1, 18, 11, 23, 7, 19, 3, 8, 12, 21, 22, 14, 4, 2, 20, 15, 5, 6, 9, 13, 24]"
tsp_sample.csv,25,30,1000.0,0.001,0.995,10000,1,create_two_opt_neighbor,ROUTE-01,SA-01,12625.148729249478,4904.6512302895635,61.15173503717506,0.023307600000407547,"[0, 10, 16, 7, 23, 11, 18, 1, 17, 19, 3, 8, 12, 21, 22, 14, 4, 2, 20, 15, 5, 6, 9, 13, 24]"
tsp_sample.csv,25,30,1000.0,0.001,0.995,10000,2,create_two_opt_neighbor,ROUTE-02,SA-02,14396.908468691281,4772.912493932169,66.84765688194975,0.025169200001982972,"[0, 23, 18, 11, 7, 17, 1, 8, 12, 3, 19, 16, 21, 22, 14, 4, 2, 20, 15, 5, 6, 9, 13, 10, 24]"
tsp_sample.csv,25,30,1000.0,0.001,0.995,10000,3,create_two_opt_neighbor,ROUTE-03,SA-03,13941.062500324128,4892.286192272727,64.90736490020771,0.02112830000987742,"[0, 23, 18, 11, 7, 17, 1, 12, 8, 3, 19, 16, 21, 22, 14, 4, 2, 20, 15, 5, 6, 9, 13, 10, 24]"
tsp_sample.csv,25,30,1000.0,0.001,0.995,10000,4,create_two_opt_neighbor,ROUTE-04,SA-04,17123.456300488113,4799.222373253414,71.97281735045155,0.02202130001387559,"[0, 24, 13, 9, 6, 5, 15, 20, 2, 4, 14, 22, 21, 19, 3, 12, 8, 1, 17, 11, 18, 23, 7, 16, 10]"
tsp_sample.csv,25,30,1000.0,0.001,0.995,10000,5,create_two_opt_neighbor,ROUTE-05,SA-05,14304.222063416333,5374.764376511309,62.42532902046103,0.01794940000399947,"[0, 23, 18, 11, 17, 1, 3, 12, 8, 14, 4, 22, 21, 20, 2, 15, 5, 6, 9, 13, 24, 10, 16, 19, 7]"
tsp_sample.csv,25,30,1000.0,0.001,0.995,10000,6,create_two_opt_neighbor,ROUTE-06,SA-06,13370.923812618563,5326.691738722694,60.16212631698846,0.018004799989284948,"[0, 23, 11, 18, 1, 17, 19, 3, 8, 12, 21, 16, 7, 10, 20, 22, 14, 4, 2, 15, 5, 6, 9, 13, 24]"
tsp_sample.csv,25,30,1000.0,0.001,0.995,10000,7,create_two_opt_neighbor,ROUTE-07,SA-07,11678.256544545548,4861.665047001415,58.36994136533071,0.0188860000052955,"[0, 24, 13, 9, 6, 5, 15, 20, 2, 4, 14, 22, 21, 16, 19, 3, 12, 8, 1, 17, 11, 18, 23, 7, 10]"
tsp_sample.csv,25,30,1000.0,0.001,0.995,10000,8,create_two_opt_neighbor,ROUTE-08,SA-08,16001.49995317268,4633.541420357001,71.04308074920007,0.01901559998805169,"[0, 23, 18, 11, 17, 1, 8, 12, 3, 19, 7, 16, 21, 22, 14, 4, 2, 20, 15, 5, 6, 9, 13, 10, 24]"
tsp_sample.csv,25,30,1000.0,0.001,0.995,10000,9,create_two_opt_neighbor,ROUTE-09,SA-09,13508.691827789806,4883.9335973211855,63.845991458076966,0.021109399996930733,"[0, 13, 9, 6, 5, 15, 20, 2, 4, 14, 22, 21, 19, 3, 12, 8, 1, 17, 11, 18, 23, 7, 16, 10, 24]"
tsp_sample.csv,25,30,1000.0,0.001,0.995,10000,10,create_two_opt_neighbor,ROUTE-10,SA-10,12710.0957911338,4799.222373253414,62.240863860355674,0.02907630000845529,"[0, 24, 13, 9, 6, 5, 15, 20, 2, 4, 14, 22, 21, 19, 3, 12, 8, 1, 17, 11, 18, 23, 7, 16, 10]"
tsp_sample.csv,25,30,1000.0,0.001,0.995,10000,11,create_two_opt_neighbor,ROUTE-11,SA-11,13158.226307881225,4799.222373253413,63.52682906526026,0.023234799999045208,"[0, 10, 16, 7, 23, 18, 11, 17, 1, 8, 12, 3, 19, 21, 22, 14, 4, 2, 20, 15, 5, 6, 9, 13, 24]"
tsp_sample.csv,25,30,1000.0,0.001,0.995,10000,12,create_two_opt_neighbor,ROUTE-12,SA-12,15132.562121689585,4962.1848105993795,67.20856144058347,0.02385320000757929,"[0, 23, 11, 18, 1, 17, 7, 19, 3, 12, 8, 14, 4, 22, 21, 16, 10, 20, 2, 15, 5, 6, 9, 13, 24]"
tsp_sample.csv,25,30,1000.0,0.001,0.995,10000,13,create_two_opt_neighbor,ROUTE-13,SA-13,14057.996214985871,4904.651230289564,65.11130636767999,0.019104600010905415,"[0, 24, 13, 9, 6, 5, 15, 20, 2, 4, 14, 22, 21, 12, 8, 3, 19, 17, 1, 18, 11, 23, 7, 16, 10]"
tsp_sample.csv,25,30,1000.0,0.001,0.995,10000,14,create_two_opt_neighbor,ROUTE-14,SA-14,15141.72096612274,5224.583035511945,65.49544766277795,0.024606500010122545,"[0, 23, 18, 11, 7, 16, 19, 3, 17, 1, 8, 12, 21, 22, 14, 4, 2, 15, 5, 6, 9, 20, 10, 13, 24]"
tsp_sample.csv,25,30,1000.0,0.001,0.995,10000,15,create_two_opt_neighbor,ROUTE-15,SA-15,15170.330946441485,5232.390672622456,65.5090538822436,0.021119099998031743,"[0, 24, 13, 6, 9, 10, 16, 21, 20, 5, 15, 2, 4, 14, 22, 12, 8, 3, 19, 7, 17, 1, 18, 11, 23]"
tsp_sample.csv,25,30,1000.0,0.001,0.995,10000,16,create_two_opt_neighbor,ROUTE-16,SA-16,13599.889610562397,4633.541420357001,65.92956595207696,0.0304108999989694,"[0, 23, 18, 11, 17, 1, 8, 12, 3, 19, 7, 16, 21, 22, 14, 4, 2, 20, 15, 5, 6, 9, 13, 10, 24]"
tsp_sample.csv,25,30,1000.0,0.001,0.995,10000,17,create_two_opt_neighbor,ROUTE-17,SA-17,12282.191259298223,4933.384777786298,59.833024306216664,0.020291699998779222,"[0, 24, 13, 9, 6, 5, 15, 2, 20, 21, 22, 4, 14, 8, 12, 3, 19, 17, 1, 18, 11, 23, 7, 16, 10]"
tsp_sample.csv,25,30,1000.0,0.001,0.995,10000,18,create_two_opt_neighbor,ROUTE-18,SA-18,14451.401071653247,5150.642239924288,64.35887278758466,0.020073799998499453,"[0, 23, 11, 18, 1, 17, 7, 19, 3, 8, 12, 21, 22, 14, 4, 2, 15, 5, 6, 9, 20, 16, 10, 13, 24]"
tsp_sample.csv,25,30,1000.0,0.001,0.995,10000,19,create_two_opt_neighbor,ROUTE-19,SA-19,14629.127937105004,4642.736588841706,68.26375017839601,0.02283950000128243,"[0, 23, 11, 18, 17, 1, 8, 12, 3, 19, 7, 16, 21, 22, 14, 4, 2, 20, 15, 5, 6, 9, 13, 10, 24]"
tsp_sample.csv,25,30,1000.0,0.001,0.995,10000,20,create_two_opt_neighbor,ROUTE-20,SA-20,14223.023728098568,5250.108829182853,63.087252545245356,0.024183200002880767,"[0, 23, 18, 11, 7, 19, 3, 17, 1, 8, 12, 21, 22, 14, 4, 2, 15, 5, 6, 20, 16, 10, 9, 13, 24]"
tsp_sample.csv,25,30,1000.0,0.001,0.995,10000,21,create_two_opt_neighbor,ROUTE-21,SA-21,14655.898869148887,4844.090061243834,66.94784738559578,0.020092499995371327,"[0, 24, 13, 9, 6, 5, 15, 20, 2, 4, 14, 22, 21, 16, 10, 7, 19, 3, 12, 8, 1, 17, 11, 18, 23]"
tsp_sample.csv,25,30,1000.0,0.001,0.995,10000,22,create_two_opt_neighbor,ROUTE-22,SA-22,12335.140926516411,4633.541420357001,62.43625064391083,0.028560999999172054,"[0, 23, 18, 11, 17, 1, 8, 12, 3, 19, 7, 16, 21, 22, 14, 4, 2, 20, 15, 5, 6, 9, 13, 10, 24]"
tsp_sample.csv,25,30,1000.0,0.001,0.995,10000,23,create_two_opt_neighbor,ROUTE-23,SA-23,10876.948191513424,4844.090061243834,55.46462136297235,0.023463599995011464,"[0, 24, 13, 9, 6, 5, 15, 20, 2, 4, 14, 22, 21, 16, 10, 7, 19, 3, 12, 8, 1, 17, 11, 18, 23]"
tsp_sample.csv,25,30,1000.0,0.001,0.995,10000,24,create_two_opt_neighbor,ROUTE-24,SA-24,14087.34012433054,4633.541420357001,67.10847200775457,0.026119300004211254,"[0, 23, 18, 11, 17, 1, 8, 12, 3, 19, 7, 16, 21, 22, 14, 4, 2, 20, 15, 5, 6, 9, 13, 10, 24]"
tsp_sample.csv,25,30,1000.0,0.001,0.995,10000,25,create_two_opt_neighbor,ROUTE-25,SA-25,12270.715151447632,4633.541420357001,62.23902712132991,0.023334299999987707,"[0, 23, 18, 11, 17, 1, 8, 12, 3, 19, 7, 16, 21, 22, 14, 4, 2, 20, 15, 5, 6, 9, 13, 10, 24]"
tsp_sample.csv,25,30,1000.0,0.001,0.995,10000,26,create_two_opt_neighbor,ROUTE-26,SA-26,16118.806609842457,4844.090061243833,69.94758868633652,0.01918380000279285,"[0, 23, 18, 11, 17, 1, 8, 12, 3, 19, 7, 10, 16, 21, 22, 14, 4, 2, 20, 15, 5, 6, 9, 13, 24]"
tsp_sample.csv,25,30,1000.0,0.001,0.995,10000,27,create_two_opt_neighbor,ROUTE-27,SA-27,13574.998642429402,5120.0460720638275,62.28326641550561,0.018745499997748993,"[0, 24, 13, 9, 6, 5, 15, 2, 4, 14, 8, 12, 3, 19, 17, 1, 18, 11, 23, 7, 16, 21, 22, 20, 10]"
tsp_sample.csv,25,30,1000.0,0.001,0.995,10000,28,create_two_opt_neighbor,ROUTE-28,SA-28,13749.15373950684,5120.0460720638275,62.76100937505791,0.01986699999542907,"[0, 24, 13, 9, 6, 5, 15, 2, 4, 14, 8, 12, 3, 19, 17, 1, 18, 11, 23, 7, 16, 21, 22, 20, 10]"
tsp_sample.csv,25,30,1000.0,0.001,0.995,10000,29,create_two_opt_neighbor,ROUTE-29,SA-29,13347.93067209286,5388.545570024215,59.63010520207227,0.019526999996742234,"[0, 23, 11, 18, 1, 17, 7, 10, 16, 21, 22, 19, 3, 12, 8, 14, 4, 2, 20, 15, 5, 6, 9, 13, 24]"
tsp_sample.csv,25,30,1000.0,0.001,0.995,10000,30,create_two_opt_neighbor,ROUTE-30,SA-30,14449.7143242634,4633.541420357002,67.93333545303011,0.019008100003702566,"[0, 24, 10, 13, 9, 6, 5, 15, 20, 2, 4, 14, 22, 21, 16, 7, 19, 3, 12, 8, 1, 17, 11, 18, 23]"
